bone,bird,turkey zombie
bone,elf,big mojo
bone,energy,necrobiotics
bone,fairy,tooth fairy
bone,fairy tale,bluebeard
bone,fish,narwhal
bone,galaxy wars,outrealm warlord
bone,healing,nanobots
bone,human,irraidiators
bone,love,bone chin
bone,precious ring lore,ghost army
bone,space,giant anti-heroes
bone,the chosen one,chudolph the braindeer
bone,tree,skittering forest
bone,turkey day,turkey zombie
bone,war,outrealm warlord
bone,water serpent,slithers
cursed,fairy,midsummer dream
cursed,prehistoric,dino park
cursed,radiation,nuclear wintertide
cursed,sweets,sugar demon
cursed,trident,sea witch
war,fairy,future fight fantasy
war,moon,moonflare
war,prehistoric,claws
war,snake,poisonous prince
war,water serpent,mecha chinzilla
war,wizarding school,courageous founder
knight,wolf,gray wolf knight
knight,werewolf,gray wolf knight
void,hammer,void hammer
metal,undead,necrobiotics
future fight,adventure,perilous psychic
future fight,affliction,infernal warlord
future fight,angel,angel of war
future fight,anger,pillaging plantlife
future fight,apocalypse,void hammer
future fight,arachnid,steamtank spider
future fight,arcade,space mariner
future fight,ash,satisfactory outcome
future fight,atomic aftermath,satisfactory outcome
future fight,bear,war bear
future fight,beauty,angel of war
future fight,bird,stymphalian bird
future fight,blood,blood angel
future fight,bone,necrobiotics
future fight,camouflage,guerilla pyros
future fight,card,void hammer
future fight,cartoon,titan of destruction
future fight,cat,catron
future fight,celebration,satisfactory outcome
future fight,chinchilla,chin trooper
future fight,cursed,the cursed chosen
future fight,darkness,infernal warlord
future fight,death,satisfactory outcome
future fight,demon,infernal warlord
future fight,desert,satisfactory outcome
future fight,destruction,satisfactory outcome
future fight,dog,gray wolf knight
future fight,dragon,future fight fantasy
future fight,earth,satisfactory outcome
future fight,elf,future fight fantasy
future fight,energy,necrobiotics
future fight,extraterrestrial,pillaging plantlife
future fight,fairy,future fight fantasy
future fight,fairy tale,future fight fantasy
future fight,fire,guerilla pyros
future fight,fish,space mariner
future fight,food,ravenous mutants
future fight,galaxy wars,space guardian
future fight,giant,pillaging plantlife
future fight,golem,necrobiotics
future fight,halloween,necrobiotics
future fight,hammer,void hammer
future fight,healing,medic
future fight,holidays,nuclear wintertide
future fight,holy water,slumbering sovereign
future fight,hopefulness,hopeful robot
future fight,horn,infernal warlord
future fight,horse,infernal warlord
future fight,human,raging gamer
future fight,hybrid,infernal warlord
future fight,ice,winter assassin
future fight,immortality,necrobiotics
future fight,insect,satisfactory outcome
future fight,invention,pillaging plantlife
future fight,knight,gray wolf knight
future fight,knowledge,perilous psychic
future fight,leader,slumbering sovereign
future fight,life,pillaging plantlife
future fight,love,gray wolf knight
future fight,madness,infernal warlord
future fight,magic,perilous psychic
future fight,medieval,future fight fantasy
future fight,metal,angel of war
future fight,mind control,perilous psychic
future fight,miniature,void hammer
future fight,monkey,guerilla pyros
future fight,monster,pillaging plantlife
future fight,moon,moonflare
future fight,multiples,ravenous mutants
future fight,mutation,ravenous mutants
future fight,myth,titan of destruction
future fight,parasite,ravenous mutants
future fight,pirate,planar privateer
future fight,plant,pillaging plantlife
future fight,pocket pet,gray wolf knight
future fight,poison,gas mask soldier
future fight,portal,perilous psychic
future fight,precious ring lore,future fight fantasy
future fight,prehistoric,alien dino
future fight,psychic,perilous psychic
future fight,radiation,satisfactory outcome
future fight,rainbow,space mariner
future fight,relic,slumbering sovereign
future fight,reptile,basilisk
future fight,robot,necrobiotics
future fight,rodent,rat reaper
future fight,royal game,slumbering sovereign
future fight,royalty,slumbering sovereign
future fight,sci-fi,perilous psychic
future fight,science,ultimate soldier
future fight,shrine,slumbering sovereign
future fight,sidekick,gray wolf knight
future fight,sleep,slumbering sovereign
future fight,snake,space mariner
future fight,space,space mariner
future fight,speed,angel of war
future fight,spirit,necrobiotics
future fight,strength,pillaging plantlife
future fight,summertide,pyrotechnics display
future fight,sun,infernal warlord
future fight,superhero,angel of war
future fight,sweets,ravenous mutants
future fight,sword,angel of war
future fight,the chosen one,angel of war
future fight,time,void hammer
future fight,toy,void hammer
future fight,tree,pillaging plantlife
future fight,trident,space mariner
future fight,turtle,war turtle
future fight,undead,necrobiotics
future fight,underground,guerilla pyros
future fight,underwater,space mariner
future fight,vampire,future fight fantasy
future fight,vehicle,air ship
future fight,villain,infernal warlord
future fight,void,void hammer
future fight,war,angel of war
future fight,water,space mariner
future fight,water serpent,hydrabot
future fight,wealth,void hammer
future fight,weapon,void hammer
future fight,werewolf,gray wolf knight
future fight,jungle,guerilla pyros
future fight,wind,metallic fraternity
future fight,wings,angel of war
future fight,wintertide,nuclear wintertide
future fight,wizard,perilous psychic
future fight,wizarding school,perilous psychic
future fight,wolf,gray wolf knight
